subset,gene_symbol,gene_id,gene_chr,gene_start,gene_end,gene_strand,feature_id,feature_type,feature_label,feature_chr,feature_start,feature_end,feature_strand,local_start0,local_end0_exclusive,logic_name,mane_transcript_id
EXON_MANE,ASH1L,ENSG00000116539,1,155335268,155563162,-1,,exon,Exon,1,155335268,155337751,-1,1000,3483,exon_mane,ENST00000392403
EXON_MANE,ASH1L,ENSG00000116539,1,155335268,155563162,-1,,exon,Exon,1,155338089,155338390,-1,3821,4122,exon_mane,ENST00000392403
EXON_MANE,ASH1L,ENSG00000116539,1,155335268,155563162,-1,,exon,Exon,1,155339328,155339368,-1,5060,5100,exon_mane,ENST00000392403
EXON_MANE,ASH1L,ENSG00000116539,1,155335268,155563162,-1,,exon,Exon,1,155341936,155342102,-1,7668,7834,exon_mane,ENST00000392403
EXON_MANE,ASH1L,ENSG00000116539,1,155335268,155563162,-1,,exon,Exon,1,155343314,155343486,-1,9046,9218,exon_mane,ENST00000392403
EXON_MANE,ASH1L,ENSG00000116539,1,155335268,155563162,-1,,exon,Exon,1,155343604,155343742,-1,9336,9474,exon_mane,ENST00000392403
EXON_MANE,ASH1L,ENSG00000116539,1,155335268,155563162,-1,,exon,Exon,1,155344183,155344273,-1,9915,10005,exon_mane,ENST00000392403
EXON_MANE,ASH1L,ENSG00000116539,1,155335268,155563162,-1,,exon,Exon,1,155346383,155346469,-1,12115,12201,exon_mane,ENST00000392403
EXON_MANE,ASH1L,ENSG00000116539,1,155335268,155563162,-1,,exon,Exon,1,155347656,155347904,-1,13388,13636,exon_mane,ENST00000392403
EXON_MANE,ASH1L,ENSG00000116539,1,155335268,155563162,-1,,exon,Exon,1,155349327,155349459,-1,15059,15191,exon_mane,ENST00000392403
EXON_MANE,ASH1L,ENSG00000116539,1,155335268,155563162,-1,,exon,Exon,1,155349542,155349596,-1,15274,15328,exon_mane,ENST00000392403
EXON_MANE,ASH1L,ENSG00000116539,1,155335268,155563162,-1,,exon,Exon,1,155352706,155352858,-1,18438,18590,exon_mane,ENST00000392403
EXON_MANE,ASH1L,ENSG00000116539,1,155335268,155563162,-1,,exon,Exon,1,155354473,155354630,-1,20205,20362,exon_mane,ENST00000392403
EXON_MANE,ASH1L,ENSG00000116539,1,155335268,155563162,-1,,exon,Exon,1,155357316,155357410,-1,23048,23142,exon_mane,ENST00000392403
EXON_MANE,ASH1L,ENSG00000116539,1,155335268,155563162,-1,,exon,Exon,1,155357585,155357749,-1,23317,23481,exon_mane,ENST00000392403
EXON_MANE,ASH1L,ENSG00000116539,1,155335268,155563162,-1,,exon,Exon,1,155360301,155360409,-1,26033,26141,exon_mane,ENST00000392403
EXON_MANE,ASH1L,ENSG00000116539,1,155335268,155563162,-1,,exon,Exon,1,155370504,155370650,-1,36236,36382,exon_mane,ENST00000392403
EXON_MANE,ASH1L,ENSG00000116539,1,155335268,155563162,-1,,exon,Exon,1,155370777,155370983,-1,36509,36715,exon_mane,ENST00000392403
EXON_MANE,ASH1L,ENSG00000116539,1,155335268,155563162,-1,,exon,Exon,1,155378281,155378389,-1,44013,44121,exon_mane,ENST00000392403
EXON_MANE,ASH1L,ENSG00000116539,1,155335268,155563162,-1,,exon,Exon,1,155378503,155378548,-1,44235,44280,exon_mane,ENST00000392403
EXON_MANE,ASH1L,ENSG00000116539,1,155335268,155563162,-1,,exon,Exon,1,155380043,155380116,-1,45775,45848,exon_mane,ENST00000392403
EXON_MANE,ASH1L,ENSG00000116539,1,155335268,155563162,-1,,exon,Exon,1,155395459,155395553,-1,61191,61285,exon_mane,ENST00000392403
EXON_MANE,ASH1L,ENSG00000116539,1,155335268,155563162,-1,,exon,Exon,1,155415744,155415923,-1,81476,81655,exon_mane,ENST00000392403
EXON_MANE,ASH1L,ENSG00000116539,1,155335268,155563162,-1,,exon,Exon,1,155438327,155439068,-1,104059,104800,exon_mane,ENST00000392403
EXON_MANE,ASH1L,ENSG00000116539,1,155335268,155563162,-1,,exon,Exon,1,155459797,155459898,-1,125529,125630,exon_mane,ENST00000392403
EXON_MANE,ASH1L,ENSG00000116539,1,155335268,155563162,-1,,exon,Exon,1,155477886,155482449,-1,143618,148181,exon_mane,ENST00000392403
EXON_MANE,ASH1L,ENSG00000116539,1,155335268,155563162,-1,,exon,Exon,1,155521100,155521618,-1,186832,187350,exon_mane,ENST00000392403
EXON_MANE,ASH1L,ENSG00000116539,1,155335268,155563162,-1,,exon,Exon,1,155562153,155562803,-1,227885,228535,exon_mane,ENST00000392403
INTRON_MANE,ASH1L,ENSG00000116539,1,155335268,155563162,-1,,intron,Intron,1,155337752,155338088,-1,3484,3820,intron_mane,ENST00000392403
INTRON_MANE,ASH1L,ENSG00000116539,1,155335268,155563162,-1,,intron,Intron,1,155338391,155339327,-1,4123,5059,intron_mane,ENST00000392403
INTRON_MANE,ASH1L,ENSG00000116539,1,155335268,155563162,-1,,intron,Intron,1,155339369,155341935,-1,5101,7667,intron_mane,ENST00000392403
INTRON_MANE,ASH1L,ENSG00000116539,1,155335268,155563162,-1,,intron,Intron,1,155342103,155343313,-1,7835,9045,intron_mane,ENST00000392403
INTRON_MANE,ASH1L,ENSG00000116539,1,155335268,155563162,-1,,intron,Intron,1,155343487,155343603,-1,9219,9335,intron_mane,ENST00000392403
INTRON_MANE,ASH1L,ENSG00000116539,1,155335268,155563162,-1,,intron,Intron,1,155343743,155344182,-1,9475,9914,intron_mane,ENST00000392403
INTRON_MANE,ASH1L,ENSG00000116539,1,155335268,155563162,-1,,intron,Intron,1,155344274,155346382,-1,10006,12114,intron_mane,ENST00000392403
INTRON_MANE,ASH1L,ENSG00000116539,1,155335268,155563162,-1,,intron,Intron,1,155346470,155347655,-1,12202,13387,intron_mane,ENST00000392403
INTRON_MANE,ASH1L,ENSG00000116539,1,155335268,155563162,-1,,intron,Intron,1,155347905,155349326,-1,13637,15058,intron_mane,ENST00000392403
INTRON_MANE,ASH1L,ENSG00000116539,1,155335268,155563162,-1,,intron,Intron,1,155349460,155349541,-1,15192,15273,intron_mane,ENST00000392403
INTRON_MANE,ASH1L,ENSG00000116539,1,155335268,155563162,-1,,intron,Intron,1,155349597,155352705,-1,15329,18437,intron_mane,ENST00000392403
INTRON_MANE,ASH1L,ENSG00000116539,1,155335268,155563162,-1,,intron,Intron,1,155352859,155354472,-1,18591,20204,intron_mane,ENST00000392403
INTRON_MANE,ASH1L,ENSG00000116539,1,155335268,155563162,-1,,intron,Intron,1,155354631,155357315,-1,20363,23047,intron_mane,ENST00000392403
INTRON_MANE,ASH1L,ENSG00000116539,1,155335268,155563162,-1,,intron,Intron,1,155357411,155357584,-1,23143,23316,intron_mane,ENST00000392403
INTRON_MANE,ASH1L,ENSG00000116539,1,155335268,155563162,-1,,intron,Intron,1,155357750,155360300,-1,23482,26032,intron_mane,ENST00000392403
INTRON_MANE,ASH1L,ENSG00000116539,1,155335268,155563162,-1,,intron,Intron,1,155360410,155370503,-1,26142,36235,intron_mane,ENST00000392403
INTRON_MANE,ASH1L,ENSG00000116539,1,155335268,155563162,-1,,intron,Intron,1,155370651,155370776,-1,36383,36508,intron_mane,ENST00000392403
INTRON_MANE,ASH1L,ENSG00000116539,1,155335268,155563162,-1,,intron,Intron,1,155370984,155378280,-1,36716,44012,intron_mane,ENST00000392403
INTRON_MANE,ASH1L,ENSG00000116539,1,155335268,155563162,-1,,intron,Intron,1,155378390,155378502,-1,44122,44234,intron_mane,ENST00000392403
INTRON_MANE,ASH1L,ENSG00000116539,1,155335268,155563162,-1,,intron,Intron,1,155378549,155380042,-1,44281,45774,intron_mane,ENST00000392403
INTRON_MANE,ASH1L,ENSG00000116539,1,155335268,155563162,-1,,intron,Intron,1,155380117,155395458,-1,45849,61190,intron_mane,ENST00000392403
INTRON_MANE,ASH1L,ENSG00000116539,1,155335268,155563162,-1,,intron,Intron,1,155395554,155415743,-1,61286,81475,intron_mane,ENST00000392403
INTRON_MANE,ASH1L,ENSG00000116539,1,155335268,155563162,-1,,intron,Intron,1,155415924,155438326,-1,81656,104058,intron_mane,ENST00000392403
INTRON_MANE,ASH1L,ENSG00000116539,1,155335268,155563162,-1,,intron,Intron,1,155439069,155459796,-1,104801,125528,intron_mane,ENST00000392403
INTRON_MANE,ASH1L,ENSG00000116539,1,155335268,155563162,-1,,intron,Intron,1,155459899,155477885,-1,125631,143617,intron_mane,ENST00000392403
INTRON_MANE,ASH1L,ENSG00000116539,1,155335268,155563162,-1,,intron,Intron,1,155482450,155521099,-1,148182,186831,intron_mane,ENST00000392403
INTRON_MANE,ASH1L,ENSG00000116539,1,155335268,155563162,-1,,intron,Intron,1,155521619,155562152,-1,187351,227884,intron_mane,ENST00000392403
EXON_UNION,ASH1L,ENSG00000116539,1,155335268,155563162,-1,,exon,Exon,1,155335268,155337751,-1,1000,3483,exon_union,
EXON_UNION,ASH1L,ENSG00000116539,1,155335268,155563162,-1,,exon,Exon,1,155338089,155338405,-1,3821,4137,exon_union,
EXON_UNION,ASH1L,ENSG00000116539,1,155335268,155563162,-1,,exon,Exon,1,155339328,155339368,-1,5060,5100,exon_union,
EXON_UNION,ASH1L,ENSG00000116539,1,155335268,155563162,-1,,exon,Exon,1,155341936,155342102,-1,7668,7834,exon_union,
EXON_UNION,ASH1L,ENSG00000116539,1,155335268,155563162,-1,,exon,Exon,1,155343041,155343486,-1,8773,9218,exon_union,
EXON_UNION,ASH1L,ENSG00000116539,1,155335268,155563162,-1,,exon,Exon,1,155343592,155343742,-1,9324,9474,exon_union,
EXON_UNION,ASH1L,ENSG00000116539,1,155335268,155563162,-1,,exon,Exon,1,155344183,155344591,-1,9915,10323,exon_union,
EXON_UNION,ASH1L,ENSG00000116539,1,155335268,155563162,-1,,exon,Exon,1,155345963,155346207,-1,11695,11939,exon_union,
EXON_UNION,ASH1L,ENSG00000116539,1,155335268,155563162,-1,,exon,Exon,1,155346383,155346469,-1,12115,12201,exon_union,
EXON_UNION,ASH1L,ENSG00000116539,1,155335268,155563162,-1,,exon,Exon,1,155347656,155347904,-1,13388,13636,exon_union,
EXON_UNION,ASH1L,ENSG00000116539,1,155335268,155563162,-1,,exon,Exon,1,155349327,155349459,-1,15059,15191,exon_union,
EXON_UNION,ASH1L,ENSG00000116539,1,155335268,155563162,-1,,exon,Exon,1,155349542,155349596,-1,15274,15328,exon_union,
EXON_UNION,ASH1L,ENSG00000116539,1,155335268,155563162,-1,,exon,Exon,1,155352706,155352858,-1,18438,18590,exon_union,
EXON_UNION,ASH1L,ENSG00000116539,1,155335268,155563162,-1,,exon,Exon,1,155354473,155354630,-1,20205,20362,exon_union,
EXON_UNION,ASH1L,ENSG00000116539,1,155335268,155563162,-1,,exon,Exon,1,155357316,155357410,-1,23048,23142,exon_union,
EXON_UNION,ASH1L,ENSG00000116539,1,155335268,155563162,-1,,exon,Exon,1,155357585,155357749,-1,23317,23481,exon_union,
EXON_UNION,ASH1L,ENSG00000116539,1,155335268,155563162,-1,,exon,Exon,1,155360301,155360409,-1,26033,26141,exon_union,
EXON_UNION,ASH1L,ENSG00000116539,1,155335268,155563162,-1,,exon,Exon,1,155370147,155370650,-1,35879,36382,exon_union,
EXON_UNION,ASH1L,ENSG00000116539,1,155335268,155563162,-1,,exon,Exon,1,155370777,155370983,-1,36509,36715,exon_union,
EXON_UNION,ASH1L,ENSG00000116539,1,155335268,155563162,-1,,exon,Exon,1,155378281,155378389,-1,44013,44121,exon_union,
EXON_UNION,ASH1L,ENSG00000116539,1,155335268,155563162,-1,,exon,Exon,1,155378503,155378548,-1,44235,44280,exon_union,
EXON_UNION,ASH1L,ENSG00000116539,1,155335268,155563162,-1,,exon,Exon,1,155380043,155380131,-1,45775,45863,exon_union,
EXON_UNION,ASH1L,ENSG00000116539,1,155335268,155563162,-1,,exon,Exon,1,155395459,155395553,-1,61191,61285,exon_union,
EXON_UNION,ASH1L,ENSG00000116539,1,155335268,155563162,-1,,exon,Exon,1,155415744,155415923,-1,81476,81655,exon_union,
EXON_UNION,ASH1L,ENSG00000116539,1,155335268,155563162,-1,,exon,Exon,1,155438327,155439068,-1,104059,104800,exon_union,
EXON_UNION,ASH1L,ENSG00000116539,1,155335268,155563162,-1,,exon,Exon,1,155440490,155440593,-1,106222,106325,exon_union,
EXON_UNION,ASH1L,ENSG00000116539,1,155335268,155563162,-1,,exon,Exon,1,155459797,155459898,-1,125529,125630,exon_union,
EXON_UNION,ASH1L,ENSG00000116539,1,155335268,155563162,-1,,exon,Exon,1,155462453,155462599,-1,128185,128331,exon_union,
EXON_UNION,ASH1L,ENSG00000116539,1,155335268,155563162,-1,,exon,Exon,1,155477886,155482449,-1,143618,148181,exon_union,
EXON_UNION,ASH1L,ENSG00000116539,1,155335268,155563162,-1,,exon,Exon,1,155520225,155520356,-1,185957,186088,exon_union,
EXON_UNION,ASH1L,ENSG00000116539,1,155335268,155563162,-1,,exon,Exon,1,155521100,155521618,-1,186832,187350,exon_union,
EXON_UNION,ASH1L,ENSG00000116539,1,155335268,155563162,-1,,exon,Exon,1,155562153,155562841,-1,227885,228573,exon_union,
EXON_UNION,ASH1L,ENSG00000116539,1,155335268,155563162,-1,,exon,Exon,1,155563073,155563162,-1,228805,228894,exon_union,
INTRON_UNION,ASH1L,ENSG00000116539,1,155335268,155563162,-1,,intron,Intron,1,155337752,155338088,-1,3484,3820,intron_union,
INTRON_UNION,ASH1L,ENSG00000116539,1,155335268,155563162,-1,,intron,Intron,1,155338391,155339327,-1,4123,5059,intron_union,
INTRON_UNION,ASH1L,ENSG00000116539,1,155335268,155563162,-1,,intron,Intron,1,155339369,155341935,-1,5101,7667,intron_union,
INTRON_UNION,ASH1L,ENSG00000116539,1,155335268,155563162,-1,,intron,Intron,1,155342103,155343313,-1,7835,9045,intron_union,
INTRON_UNION,ASH1L,ENSG00000116539,1,155335268,155563162,-1,,intron,Intron,1,155343487,155343603,-1,9219,9335,intron_union,
INTRON_UNION,ASH1L,ENSG00000116539,1,155335268,155563162,-1,,intron,Intron,1,155343743,155344182,-1,9475,9914,intron_union,
INTRON_UNION,ASH1L,ENSG00000116539,1,155335268,155563162,-1,,intron,Intron,1,155344274,155346382,-1,10006,12114,intron_union,
INTRON_UNION,ASH1L,ENSG00000116539,1,155335268,155563162,-1,,intron,Intron,1,155346470,155347655,-1,12202,13387,intron_union,
INTRON_UNION,ASH1L,ENSG00000116539,1,155335268,155563162,-1,,intron,Intron,1,155347902,155349326,-1,13634,15058,intron_union,
INTRON_UNION,ASH1L,ENSG00000116539,1,155335268,155563162,-1,,intron,Intron,1,155349460,155349541,-1,15192,15273,intron_union,
INTRON_UNION,ASH1L,ENSG00000116539,1,155335268,155563162,-1,,intron,Intron,1,155349597,155352705,-1,15329,18437,intron_union,
INTRON_UNION,ASH1L,ENSG00000116539,1,155335268,155563162,-1,,intron,Intron,1,155352859,155354472,-1,18591,20204,intron_union,
INTRON_UNION,ASH1L,ENSG00000116539,1,155335268,155563162,-1,,intron,Intron,1,155354631,155357315,-1,20363,23047,intron_union,
INTRON_UNION,ASH1L,ENSG00000116539,1,155335268,155563162,-1,,intron,Intron,1,155357411,155357584,-1,23143,23316,intron_union,
INTRON_UNION,ASH1L,ENSG00000116539,1,155335268,155563162,-1,,intron,Intron,1,155357750,155360300,-1,23482,26032,intron_union,
INTRON_UNION,ASH1L,ENSG00000116539,1,155335268,155563162,-1,,intron,Intron,1,155360410,155370503,-1,26142,36235,intron_union,
INTRON_UNION,ASH1L,ENSG00000116539,1,155335268,155563162,-1,,intron,Intron,1,155370651,155370776,-1,36383,36508,intron_union,
INTRON_UNION,ASH1L,ENSG00000116539,1,155335268,155563162,-1,,intron,Intron,1,155370984,155378280,-1,36716,44012,intron_union,
INTRON_UNION,ASH1L,ENSG00000116539,1,155335268,155563162,-1,,intron,Intron,1,155378390,155378502,-1,44122,44234,intron_union,
INTRON_UNION,ASH1L,ENSG00000116539,1,155335268,155563162,-1,,intron,Intron,1,155378549,155380042,-1,44281,45774,intron_union,
INTRON_UNION,ASH1L,ENSG00000116539,1,155335268,155563162,-1,,intron,Intron,1,155380117,155395458,-1,45849,61190,intron_union,
INTRON_UNION,ASH1L,ENSG00000116539,1,155335268,155563162,-1,,intron,Intron,1,155395554,155438326,-1,61286,104058,intron_union,
INTRON_UNION,ASH1L,ENSG00000116539,1,155335268,155563162,-1,,intron,Intron,1,155439069,155459796,-1,104801,125528,intron_union,
INTRON_UNION,ASH1L,ENSG00000116539,1,155335268,155563162,-1,,intron,Intron,1,155459899,155477885,-1,125631,143617,intron_union,
INTRON_UNION,ASH1L,ENSG00000116539,1,155335268,155563162,-1,,intron,Intron,1,155482450,155521099,-1,148182,186831,intron_union,
INTRON_UNION,ASH1L,ENSG00000116539,1,155335268,155563162,-1,,intron,Intron,1,155521619,155563072,-1,187351,228804,intron_union,
EXON_MANE,NSD1,ENSG00000165671,5,177131787,177300213,1,,exon,Exon,5,177133773,177133952,1,2986,3165,exon_mane,ENST00000439151
EXON_MANE,NSD1,ENSG00000165671,5,177131787,177300213,1,,exon,Exon,5,177135087,177136030,1,4300,5243,exon_mane,ENST00000439151
EXON_MANE,NSD1,ENSG00000165671,5,177131787,177300213,1,,exon,Exon,5,177191884,177192019,1,61097,61232,exon_mane,ENST00000439151
EXON_MANE,NSD1,ENSG00000165671,5,177131787,177300213,1,,exon,Exon,5,177204120,177204292,1,73333,73505,exon_mane,ENST00000439151
EXON_MANE,NSD1,ENSG00000165671,5,177131787,177300213,1,,exon,Exon,5,177209636,177212195,1,78849,81408,exon_mane,ENST00000439151
EXON_MANE,NSD1,ENSG00000165671,5,177131787,177300213,1,,exon,Exon,5,177235821,177235945,1,105034,105158,exon_mane,ENST00000439151
EXON_MANE,NSD1,ENSG00000165671,5,177131787,177300213,1,,exon,Exon,5,177238237,177238507,1,107450,107720,exon_mane,ENST00000439151
EXON_MANE,NSD1,ENSG00000165671,5,177131787,177300213,1,,exon,Exon,5,177239756,177239865,1,108969,109078,exon_mane,ENST00000439151
EXON_MANE,NSD1,ENSG00000165671,5,177131787,177300213,1,,exon,Exon,5,177244195,177244270,1,113408,113483,exon_mane,ENST00000439151
EXON_MANE,NSD1,ENSG00000165671,5,177131787,177300213,1,,exon,Exon,5,177246678,177246796,1,115891,116009,exon_mane,ENST00000439151
EXON_MANE,NSD1,ENSG00000165671,5,177131787,177300213,1,,exon,Exon,5,177248181,177248324,1,117394,117537,exon_mane,ENST00000439151
EXON_MANE,NSD1,ENSG00000165671,5,177131787,177300213,1,,exon,Exon,5,177251730,177251853,1,120943,121066,exon_mane,ENST00000439151
EXON_MANE,NSD1,ENSG00000165671,5,177131787,177300213,1,,exon,Exon,5,177256951,177257151,1,126164,126364,exon_mane,ENST00000439151
EXON_MANE,NSD1,ENSG00000165671,5,177131787,177300213,1,,exon,Exon,5,177259989,177260168,1,129202,129381,exon_mane,ENST00000439151
EXON_MANE,NSD1,ENSG00000165671,5,177131787,177300213,1,,exon,Exon,5,177267562,177267718,1,136775,136931,exon_mane,ENST00000439151
EXON_MANE,NSD1,ENSG00000165671,5,177131787,177300213,1,,exon,Exon,5,177269602,177269807,1,138815,139020,exon_mane,ENST00000439151
EXON_MANE,NSD1,ENSG00000165671,5,177131787,177300213,1,,exon,Exon,5,177273672,177273784,1,142885,142997,exon_mane,ENST00000439151
EXON_MANE,NSD1,ENSG00000165671,5,177131787,177300213,1,,exon,Exon,5,177280565,177280834,1,149778,150047,exon_mane,ENST00000439151
EXON_MANE,NSD1,ENSG00000165671,5,177131787,177300213,1,,exon,Exon,5,177282465,177282581,1,151678,151794,exon_mane,ENST00000439151
EXON_MANE,NSD1,ENSG00000165671,5,177131787,177300213,1,,exon,Exon,5,177283787,177283928,1,153000,153141,exon_mane,ENST00000439151
EXON_MANE,NSD1,ENSG00000165671,5,177131787,177300213,1,,exon,Exon,5,177288819,177288925,1,158032,158138,exon_mane,ENST00000439151
EXON_MANE,NSD1,ENSG00000165671,5,177131787,177300213,1,,exon,Exon,5,177291954,177292158,1,161167,161371,exon_mane,ENST00000439151
EXON_MANE,NSD1,ENSG00000165671,5,177131787,177300213,1,,exon,Exon,5,177293832,177300213,1,163045,169426,exon_mane,ENST00000439151
INTRON_MANE,NSD1,ENSG00000165671,5,177131787,177300213,1,,intron,Intron,5,177133953,177135086,1,3166,4299,intron_mane,ENST00000439151
INTRON_MANE,NSD1,ENSG00000165671,5,177131787,177300213,1,,intron,Intron,5,177136031,177191883,1,5244,61096,intron_mane,ENST00000439151
INTRON_MANE,NSD1,ENSG00000165671,5,177131787,177300213,1,,intron,Intron,5,177192020,177204119,1,61233,73332,intron_mane,ENST00000439151
INTRON_MANE,NSD1,ENSG00000165671,5,177131787,177300213,1,,intron,Intron,5,177204293,177209635,1,73506,78848,intron_mane,ENST00000439151
INTRON_MANE,NSD1,ENSG00000165671,5,177131787,177300213,1,,intron,Intron,5,177212196,177235820,1,81409,105033,intron_mane,ENST00000439151
INTRON_MANE,NSD1,ENSG00000165671,5,177131787,177300213,1,,intron,Intron,5,177235946,177238236,1,105159,107449,intron_mane,ENST00000439151
INTRON_MANE,NSD1,ENSG00000165671,5,177131787,177300213,1,,intron,Intron,5,177238508,177239755,1,107721,108968,intron_mane,ENST00000439151
INTRON_MANE,NSD1,ENSG00000165671,5,177131787,177300213,1,,intron,Intron,5,177239866,177244194,1,109079,113407,intron_mane,ENST00000439151
INTRON_MANE,NSD1,ENSG00000165671,5,177131787,177300213,1,,intron,Intron,5,177244271,177246677,1,113484,115890,intron_mane,ENST00000439151
INTRON_MANE,NSD1,ENSG00000165671,5,177131787,177300213,1,,intron,Intron,5,177246797,177248180,1,116010,117393,intron_mane,ENST00000439151
INTRON_MANE,NSD1,ENSG00000165671,5,177131787,177300213,1,,intron,Intron,5,177248325,177251729,1,117538,120942,intron_mane,ENST00000439151
INTRON_MANE,NSD1,ENSG00000165671,5,177131787,177300213,1,,intron,Intron,5,177251854,177256950,1,121067,126163,intron_mane,ENST00000439151
INTRON_MANE,NSD1,ENSG00000165671,5,177131787,177300213,1,,intron,Intron,5,177257152,177259988,1,126365,129201,intron_mane,ENST00000439151
INTRON_MANE,NSD1,ENSG00000165671,5,177131787,177300213,1,,intron,Intron,5,177260169,177267561,1,129382,136774,intron_mane,ENST00000439151
INTRON_MANE,NSD1,ENSG00000165671,5,177131787,177300213,1,,intron,Intron,5,177267719,177269601,1,136932,138814,intron_mane,ENST00000439151
INTRON_MANE,NSD1,ENSG00000165671,5,177131787,177300213,1,,intron,Intron,5,177269808,177273671,1,139021,142884,intron_mane,ENST00000439151
INTRON_MANE,NSD1,ENSG00000165671,5,177131787,177300213,1,,intron,Intron,5,177273785,177280564,1,142998,149777,intron_mane,ENST00000439151
INTRON_MANE,NSD1,ENSG00000165671,5,177131787,177300213,1,,intron,Intron,5,177280835,177282464,1,150048,151677,intron_mane,ENST00000439151
INTRON_MANE,NSD1,ENSG00000165671,5,177131787,177300213,1,,intron,Intron,5,177282582,177283786,1,151795,152999,intron_mane,ENST00000439151
INTRON_MANE,NSD1,ENSG00000165671,5,177131787,177300213,1,,intron,Intron,5,177283929,177288818,1,153142,158031,intron_mane,ENST00000439151
INTRON_MANE,NSD1,ENSG00000165671,5,177131787,177300213,1,,intron,Intron,5,177288926,177291953,1,158139,161166,intron_mane,ENST00000439151
INTRON_MANE,NSD1,ENSG00000165671,5,177131787,177300213,1,,intron,Intron,5,177292159,177293831,1,161372,163044,intron_mane,ENST00000439151
EXON_UNION,NSD1,ENSG00000165671,5,177131787,177300213,1,,exon,Exon,5,177131787,177131934,1,1000,1147,exon_union,
EXON_UNION,NSD1,ENSG00000165671,5,177131787,177300213,1,,exon,Exon,5,177133025,177133154,1,2238,2367,exon_union,
EXON_UNION,NSD1,ENSG00000165671,5,177131787,177300213,1,,exon,Exon,5,177133600,177133634,1,2813,2847,exon_union,
EXON_UNION,NSD1,ENSG00000165671,5,177131787,177300213,1,,exon,Exon,5,177133768,177133952,1,2981,3165,exon_union,
EXON_UNION,NSD1,ENSG00000165671,5,177131787,177300213,1,,exon,Exon,5,177133985,177134043,1,3198,3256,exon_union,
EXON_UNION,NSD1,ENSG00000165671,5,177131787,177300213,1,,exon,Exon,5,177134173,177134245,1,3386,3458,exon_union,
EXON_UNION,NSD1,ENSG00000165671,5,177131787,177300213,1,,exon,Exon,5,177135086,177136345,1,4299,5558,exon_union,
EXON_UNION,NSD1,ENSG00000165671,5,177131787,177300213,1,,exon,Exon,5,177136873,177137404,1,6086,6617,exon_union,
EXON_UNION,NSD1,ENSG00000165671,5,177131787,177300213,1,,exon,Exon,5,177169394,177169644,1,38607,38857,exon_union,
EXON_UNION,NSD1,ENSG00000165671,5,177131787,177300213,1,,exon,Exon,5,177187126,177187480,1,56339,56693,exon_union,
EXON_UNION,NSD1,ENSG00000165671,5,177131787,177300213,1,,exon,Exon,5,177191884,177192019,1,61097,61232,exon_union,
EXON_UNION,NSD1,ENSG00000165671,5,177131787,177300213,1,,exon,Exon,5,177204120,177204292,1,73333,73505,exon_union,
EXON_UNION,NSD1,ENSG00000165671,5,177131787,177300213,1,,exon,Exon,5,177209636,177212195,1,78849,81408,exon_union,
EXON_UNION,NSD1,ENSG00000165671,5,177131787,177300213,1,,exon,Exon,5,177229765,177229886,1,98978,99099,exon_union,
EXON_UNION,NSD1,ENSG00000165671,5,177131787,177300213,1,,exon,Exon,5,177235821,177235945,1,105034,105158,exon_union,
EXON_UNION,NSD1,ENSG00000165671,5,177131787,177300213,1,,exon,Exon,5,177238237,177239205,1,107450,108418,exon_union,
EXON_UNION,NSD1,ENSG00000165671,5,177131787,177300213,1,,exon,Exon,5,177239756,177239865,1,108969,109078,exon_union,
EXON_UNION,NSD1,ENSG00000165671,5,177131787,177300213,1,,exon,Exon,5,177244195,177244270,1,113408,113483,exon_union,
EXON_UNION,NSD1,ENSG00000165671,5,177131787,177300213,1,,exon,Exon,5,177246678,177246796,1,115891,116009,exon_union,
EXON_UNION,NSD1,ENSG00000165671,5,177131787,177300213,1,,exon,Exon,5,177248181,177248324,1,117394,117537,exon_union,
EXON_UNION,NSD1,ENSG00000165671,5,177131787,177300213,1,,exon,Exon,5,177251730,177251853,1,120943,121066,exon_union,
EXON_UNION,NSD1,ENSG00000165671,5,177131787,177300213,1,,exon,Exon,5,177256951,177257151,1,126164,126364,exon_union,
EXON_UNION,NSD1,ENSG00000165671,5,177131787,177300213,1,,exon,Exon,5,177259989,177260168,1,129202,129381,exon_union,
EXON_UNION,NSD1,ENSG00000165671,5,177131787,177300213,1,,exon,Exon,5,177265465,177267718,1,134678,136931,exon_union,
EXON_UNION,NSD1,ENSG00000165671,5,177131787,177300213,1,,exon,Exon,5,177269602,177269807,1,138815,139020,exon_union,
EXON_UNION,NSD1,ENSG00000165671,5,177131787,177300213,1,,exon,Exon,5,177273672,177273784,1,142885,142997,exon_union,
EXON_UNION,NSD1,ENSG00000165671,5,177131787,177300213,1,,exon,Exon,5,177280565,177282581,1,149778,151794,exon_union,
EXON_UNION,NSD1,ENSG00000165671,5,177131787,177300213,1,,exon,Exon,5,177283787,177285364,1,153000,154577,exon_union,
EXON_UNION,NSD1,ENSG00000165671,5,177131787,177300213,1,,exon,Exon,5,177288526,177288925,1,157739,158138,exon_union,
EXON_UNION,NSD1,ENSG00000165671,5,177131787,177300213,1,,exon,Exon,5,177291280,177292158,1,160493,161371,exon_union,
EXON_UNION,NSD1,ENSG00000165671,5,177131787,177300213,1,,exon,Exon,5,177293832,177300213,1,163045,169426,exon_union,
INTRON_UNION,NSD1,ENSG00000165671,5,177131787,177300213,1,,intron,Intron,5,177131935,177135086,1,1148,4299,intron_union,
INTRON_UNION,NSD1,ENSG00000165671,5,177131787,177300213,1,,intron,Intron,5,177135201,177135940,1,4414,5153,intron_union,
INTRON_UNION,NSD1,ENSG00000165671,5,177131787,177300213,1,,intron,Intron,5,177136031,177235820,1,5244,105033,intron_union,
INTRON_UNION,NSD1,ENSG00000165671,5,177131787,177300213,1,,intron,Intron,5,177235946,177239755,1,105159,108968,intron_union,
INTRON_UNION,NSD1,ENSG00000165671,5,177131787,177300213,1,,intron,Intron,5,177239866,177244194,1,109079,113407,intron_union,
INTRON_UNION,NSD1,ENSG00000165671,5,177131787,177300213,1,,intron,Intron,5,177244271,177246677,1,113484,115890,intron_union,
INTRON_UNION,NSD1,ENSG00000165671,5,177131787,177300213,1,,intron,Intron,5,177246797,177248180,1,116010,117393,intron_union,
INTRON_UNION,NSD1,ENSG00000165671,5,177131787,177300213,1,,intron,Intron,5,177248325,177251729,1,117538,120942,intron_union,
INTRON_UNION,NSD1,ENSG00000165671,5,177131787,177300213,1,,intron,Intron,5,177251854,177256950,1,121067,126163,intron_union,
INTRON_UNION,NSD1,ENSG00000165671,5,177131787,177300213,1,,intron,Intron,5,177257152,177259988,1,126365,129201,intron_union,
INTRON_UNION,NSD1,ENSG00000165671,5,177131787,177300213,1,,intron,Intron,5,177260169,177267561,1,129382,136774,intron_union,
INTRON_UNION,NSD1,ENSG00000165671,5,177131787,177300213,1,,intron,Intron,5,177267719,177273671,1,136932,142884,intron_union,
INTRON_UNION,NSD1,ENSG00000165671,5,177131787,177300213,1,,intron,Intron,5,177273785,177280564,1,142998,149777,intron_union,
INTRON_UNION,NSD1,ENSG00000165671,5,177131787,177300213,1,,intron,Intron,5,177280835,177282464,1,150048,151677,intron_union,
INTRON_UNION,NSD1,ENSG00000165671,5,177131787,177300213,1,,intron,Intron,5,177282582,177283786,1,151795,152999,intron_union,
INTRON_UNION,NSD1,ENSG00000165671,5,177131787,177300213,1,,intron,Intron,5,177283929,177288818,1,153142,158031,intron_union,
INTRON_UNION,NSD1,ENSG00000165671,5,177131787,177300213,1,,intron,Intron,5,177288926,177291953,1,158139,161166,intron_union,
INTRON_UNION,NSD1,ENSG00000165671,5,177131787,177300213,1,,intron,Intron,5,177292159,177293831,1,161372,163044,intron_union,
EXON_MANE,NSD2,ENSG00000109685,4,1870559,1982207,1,,exon,Exon,4,1871393,1871542,1,1834,1983,exon_mane,ENST00000508803
EXON_MANE,NSD2,ENSG00000109685,4,1870559,1982207,1,,exon,Exon,4,1900626,1901251,1,31067,31692,exon_mane,ENST00000508803
EXON_MANE,NSD2,ENSG00000109685,4,1870559,1982207,1,,exon,Exon,4,1904216,1904378,1,34657,34819,exon_mane,ENST00000508803
EXON_MANE,NSD2,ENSG00000109685,4,1870559,1982207,1,,exon,Exon,4,1916871,1917037,1,47312,47478,exon_mane,ENST00000508803
EXON_MANE,NSD2,ENSG00000109685,4,1870559,1982207,1,,exon,Exon,4,1918141,1918623,1,48582,49064,exon_mane,ENST00000508803
EXON_MANE,NSD2,ENSG00000109685,4,1870559,1982207,1,,exon,Exon,4,1930626,1930770,1,61067,61211,exon_mane,ENST00000508803
EXON_MANE,NSD2,ENSG00000109685,4,1870559,1982207,1,,exon,Exon,4,1935144,1935262,1,65585,65703,exon_mane,ENST00000508803
EXON_MANE,NSD2,ENSG00000109685,4,1870559,1982207,1,,exon,Exon,4,1938451,1938532,1,68892,68973,exon_mane,ENST00000508803
EXON_MANE,NSD2,ENSG00000109685,4,1870559,1982207,1,,exon,Exon,4,1939654,1939778,1,70095,70219,exon_mane,ENST00000508803
EXON_MANE,NSD2,ENSG00000109685,4,1870559,1982207,1,,exon,Exon,4,1951072,1951203,1,81513,81644,exon_mane,ENST00000508803
EXON_MANE,NSD2,ENSG00000109685,4,1870559,1982207,1,,exon,Exon,4,1952108,1952231,1,82549,82672,exon_mane,ENST00000508803
EXON_MANE,NSD2,ENSG00000109685,4,1870559,1982207,1,,exon,Exon,4,1953324,1953524,1,83765,83965,exon_mane,ENST00000508803
EXON_MANE,NSD2,ENSG00000109685,4,1870559,1982207,1,,exon,Exon,4,1955161,1955340,1,85602,85781,exon_mane,ENST00000508803
EXON_MANE,NSD2,ENSG00000109685,4,1870559,1982207,1,,exon,Exon,4,1955693,1955849,1,86134,86290,exon_mane,ENST00000508803
EXON_MANE,NSD2,ENSG00000109685,4,1870559,1982207,1,,exon,Exon,4,1955983,1956188,1,86424,86629,exon_mane,ENST00000508803
EXON_MANE,NSD2,ENSG00000109685,4,1870559,1982207,1,,exon,Exon,4,1957933,1958036,1,88374,88477,exon_mane,ENST00000508803
EXON_MANE,NSD2,ENSG00000109685,4,1870559,1982207,1,,exon,Exon,4,1959471,1959740,1,89912,90181,exon_mane,ENST00000508803
EXON_MANE,NSD2,ENSG00000109685,4,1870559,1982207,1,,exon,Exon,4,1961035,1961151,1,91476,91592,exon_mane,ENST00000508803
EXON_MANE,NSD2,ENSG00000109685,4,1870559,1982207,1,,exon,Exon,4,1974863,1975004,1,105304,105445,exon_mane,ENST00000508803
EXON_MANE,NSD2,ENSG00000109685,4,1870559,1982207,1,,exon,Exon,4,1975294,1975400,1,105735,105841,exon_mane,ENST00000508803
EXON_MANE,NSD2,ENSG00000109685,4,1870559,1982207,1,,exon,Exon,4,1976475,1976679,1,106916,107120,exon_mane,ENST00000508803
EXON_MANE,NSD2,ENSG00000109685,4,1870559,1982207,1,,exon,Exon,4,1978638,1982192,1,109079,112633,exon_mane,ENST00000508803
INTRON_MANE,NSD2,ENSG00000109685,4,1870559,1982207,1,,intron,Intron,4,1871543,1900625,1,1984,31066,intron_mane,ENST00000508803
INTRON_MANE,NSD2,ENSG00000109685,4,1870559,1982207,1,,intron,Intron,4,1901252,1904215,1,31693,34656,intron_mane,ENST00000508803
INTRON_MANE,NSD2,ENSG00000109685,4,1870559,1982207,1,,intron,Intron,4,1904379,1916870,1,34820,47311,intron_mane,ENST00000508803
INTRON_MANE,NSD2,ENSG00000109685,4,1870559,1982207,1,,intron,Intron,4,1917038,1918140,1,47479,48581,intron_mane,ENST00000508803
INTRON_MANE,NSD2,ENSG00000109685,4,1870559,1982207,1,,intron,Intron,4,1918624,1930625,1,49065,61066,intron_mane,ENST00000508803
INTRON_MANE,NSD2,ENSG00000109685,4,1870559,1982207,1,,intron,Intron,4,1930771,1935143,1,61212,65584,intron_mane,ENST00000508803
INTRON_MANE,NSD2,ENSG00000109685,4,1870559,1982207,1,,intron,Intron,4,1935263,1938450,1,65704,68891,intron_mane,ENST00000508803
INTRON_MANE,NSD2,ENSG00000109685,4,1870559,1982207,1,,intron,Intron,4,1938533,1939653,1,68974,70094,intron_mane,ENST00000508803
INTRON_MANE,NSD2,ENSG00000109685,4,1870559,1982207,1,,intron,Intron,4,1939779,1951071,1,70220,81512,intron_mane,ENST00000508803
INTRON_MANE,NSD2,ENSG00000109685,4,1870559,1982207,1,,intron,Intron,4,1951204,1952107,1,81645,82548,intron_mane,ENST00000508803
INTRON_MANE,NSD2,ENSG00000109685,4,1870559,1982207,1,,intron,Intron,4,1952232,1953323,1,82673,83764,intron_mane,ENST00000508803
INTRON_MANE,NSD2,ENSG00000109685,4,1870559,1982207,1,,intron,Intron,4,1953525,1955160,1,83966,85601,intron_mane,ENST00000508803
INTRON_MANE,NSD2,ENSG00000109685,4,1870559,1982207,1,,intron,Intron,4,1955341,1955692,1,85782,86133,intron_mane,ENST00000508803
INTRON_MANE,NSD2,ENSG00000109685,4,1870559,1982207,1,,intron,Intron,4,1955850,1955982,1,86291,86423,intron_mane,ENST00000508803
INTRON_MANE,NSD2,ENSG00000109685,4,1870559,1982207,1,,intron,Intron,4,1956189,1957932,1,86630,88373,intron_mane,ENST00000508803
INTRON_MANE,NSD2,ENSG00000109685,4,1870559,1982207,1,,intron,Intron,4,1958037,1959470,1,88478,89911,intron_mane,ENST00000508803
INTRON_MANE,NSD2,ENSG00000109685,4,1870559,1982207,1,,intron,Intron,4,1959741,1961034,1,90182,91475,intron_mane,ENST00000508803
INTRON_MANE,NSD2,ENSG00000109685,4,1870559,1982207,1,,intron,Intron,4,1961152,1974862,1,91593,105303,intron_mane,ENST00000508803
INTRON_MANE,NSD2,ENSG00000109685,4,1870559,1982207,1,,intron,Intron,4,1975005,1975293,1,105446,105734,intron_mane,ENST00000508803
INTRON_MANE,NSD2,ENSG00000109685,4,1870559,1982207,1,,intron,Intron,4,1975401,1976474,1,105842,106915,intron_mane,ENST00000508803
INTRON_MANE,NSD2,ENSG00000109685,4,1870559,1982207,1,,intron,Intron,4,1976680,1978637,1,107121,109078,intron_mane,ENST00000508803
EXON_UNION,NSD2,ENSG00000109685,4,1870559,1982207,1,,exon,Exon,4,1870559,1871542,1,1000,1983,exon_union,
EXON_UNION,NSD2,ENSG00000109685,4,1870559,1982207,1,,exon,Exon,4,1872127,1872200,1,2568,2641,exon_union,
EXON_UNION,NSD2,ENSG00000109685,4,1870559,1982207,1,,exon,Exon,4,1887501,1887690,1,17942,18131,exon_union,
EXON_UNION,NSD2,ENSG00000109685,4,1870559,1982207,1,,exon,Exon,4,1892166,1892265,1,22607,22706,exon_union,
EXON_UNION,NSD2,ENSG00000109685,4,1870559,1982207,1,,exon,Exon,4,1892782,1892891,1,23223,23332,exon_union,
EXON_UNION,NSD2,ENSG00000109685,4,1870559,1982207,1,,exon,Exon,4,1893730,1893909,1,24171,24350,exon_union,
EXON_UNION,NSD2,ENSG00000109685,4,1870559,1982207,1,,exon,Exon,4,1899218,1899395,1,29659,29836,exon_union,
EXON_UNION,NSD2,ENSG00000109685,4,1870559,1982207,1,,exon,Exon,4,1900619,1901251,1,31060,31692,exon_union,
EXON_UNION,NSD2,ENSG00000109685,4,1870559,1982207,1,,exon,Exon,4,1904216,1904378,1,34657,34819,exon_union,
EXON_UNION,NSD2,ENSG00000109685,4,1870559,1982207,1,,exon,Exon,4,1912091,1912194,1,42532,42635,exon_union,
EXON_UNION,NSD2,ENSG00000109685,4,1870559,1982207,1,,exon,Exon,4,1916871,1917037,1,47312,47478,exon_union,
EXON_UNION,NSD2,ENSG00000109685,4,1870559,1982207,1,,exon,Exon,4,1918141,1919187,1,48582,49628,exon_union,
EXON_UNION,NSD2,ENSG00000109685,4,1870559,1982207,1,,exon,Exon,4,1930626,1930770,1,61067,61211,exon_union,
EXON_UNION,NSD2,ENSG00000109685,4,1870559,1982207,1,,exon,Exon,4,1935144,1935262,1,65585,65703,exon_union,
EXON_UNION,NSD2,ENSG00000109685,4,1870559,1982207,1,,exon,Exon,4,1938404,1938532,1,68845,68973,exon_union,
EXON_UNION,NSD2,ENSG00000109685,4,1870559,1982207,1,,exon,Exon,4,1939281,1948818,1,69722,79259,exon_union,
EXON_UNION,NSD2,ENSG00000109685,4,1870559,1982207,1,,exon,Exon,4,1951072,1951203,1,81513,81644,exon_union,
EXON_UNION,NSD2,ENSG00000109685,4,1870559,1982207,1,,exon,Exon,4,1951999,1952231,1,82440,82672,exon_union,
EXON_UNION,NSD2,ENSG00000109685,4,1870559,1982207,1,,exon,Exon,4,1952752,1953524,1,83193,83965,exon_union,
EXON_UNION,NSD2,ENSG00000109685,4,1870559,1982207,1,,exon,Exon,4,1953814,1953982,1,84255,84423,exon_union,
EXON_UNION,NSD2,ENSG00000109685,4,1870559,1982207,1,,exon,Exon,4,1954537,1954685,1,84978,85126,exon_union,
EXON_UNION,NSD2,ENSG00000109685,4,1870559,1982207,1,,exon,Exon,4,1955161,1955340,1,85602,85781,exon_union,
EXON_UNION,NSD2,ENSG00000109685,4,1870559,1982207,1,,exon,Exon,4,1955579,1955849,1,86020,86290,exon_union,
EXON_UNION,NSD2,ENSG00000109685,4,1870559,1982207,1,,exon,Exon,4,1955983,1956188,1,86424,86629,exon_union,
EXON_UNION,NSD2,ENSG00000109685,4,1870559,1982207,1,,exon,Exon,4,1957933,1958036,1,88374,88477,exon_union,
EXON_UNION,NSD2,ENSG00000109685,4,1870559,1982207,1,,exon,Exon,4,1959296,1959740,1,89737,90181,exon_union,
EXON_UNION,NSD2,ENSG00000109685,4,1870559,1982207,1,,exon,Exon,4,1961035,1961151,1,91476,91592,exon_union,
EXON_UNION,NSD2,ENSG00000109685,4,1870559,1982207,1,,exon,Exon,4,1974633,1975004,1,105074,105445,exon_union,
EXON_UNION,NSD2,ENSG00000109685,4,1870559,1982207,1,,exon,Exon,4,1975294,1975646,1,105735,106087,exon_union,
EXON_UNION,NSD2,ENSG00000109685,4,1870559,1982207,1,,exon,Exon,4,1976353,1976679,1,106794,107120,exon_union,
EXON_UNION,NSD2,ENSG00000109685,4,1870559,1982207,1,,exon,Exon,4,1978638,1982207,1,109079,112648,exon_union,
INTRON_UNION,NSD2,ENSG00000109685,4,1870559,1982207,1,,intron,Intron,4,1871543,1900625,1,1984,31066,intron_union,
INTRON_UNION,NSD2,ENSG00000109685,4,1870559,1982207,1,,intron,Intron,4,1901252,1904215,1,31693,34656,intron_union,
INTRON_UNION,NSD2,ENSG00000109685,4,1870559,1982207,1,,intron,Intron,4,1904379,1916870,1,34820,47311,intron_union,
INTRON_UNION,NSD2,ENSG00000109685,4,1870559,1982207,1,,intron,Intron,4,1917038,1918140,1,47479,48581,intron_union,
INTRON_UNION,NSD2,ENSG00000109685,4,1870559,1982207,1,,intron,Intron,4,1918624,1930625,1,49065,61066,intron_union,
INTRON_UNION,NSD2,ENSG00000109685,4,1870559,1982207,1,,intron,Intron,4,1930771,1935143,1,61212,65584,intron_union,
INTRON_UNION,NSD2,ENSG00000109685,4,1870559,1982207,1,,intron,Intron,4,1935263,1951071,1,65704,81512,intron_union,
INTRON_UNION,NSD2,ENSG00000109685,4,1870559,1982207,1,,intron,Intron,4,1951204,1955226,1,81645,85667,intron_union,
INTRON_UNION,NSD2,ENSG00000109685,4,1870559,1982207,1,,intron,Intron,4,1955341,1955692,1,85782,86133,intron_union,
INTRON_UNION,NSD2,ENSG00000109685,4,1870559,1982207,1,,intron,Intron,4,1955850,1955982,1,86291,86423,intron_union,
INTRON_UNION,NSD2,ENSG00000109685,4,1870559,1982207,1,,intron,Intron,4,1956189,1957932,1,86630,88373,intron_union,
INTRON_UNION,NSD2,ENSG00000109685,4,1870559,1982207,1,,intron,Intron,4,1958037,1959617,1,88478,90058,intron_union,
INTRON_UNION,NSD2,ENSG00000109685,4,1870559,1982207,1,,intron,Intron,4,1959741,1974862,1,90182,105303,intron_union,
INTRON_UNION,NSD2,ENSG00000109685,4,1870559,1982207,1,,intron,Intron,4,1975005,1975293,1,105446,105734,intron_union,
INTRON_UNION,NSD2,ENSG00000109685,4,1870559,1982207,1,,intron,Intron,4,1975401,1976474,1,105842,106915,intron_union,
INTRON_UNION,NSD2,ENSG00000109685,4,1870559,1982207,1,,intron,Intron,4,1976680,1978637,1,107121,109078,intron_union,
EXON_MANE,NSD3,ENSG00000147548,8,38269704,38382279,-1,,exon,Exon,8,38269704,38275882,-1,1000,7178,exon_mane,ENST00000317025
EXON_MANE,NSD3,ENSG00000147548,8,38269704,38382279,-1,,exon,Exon,8,38276296,38276500,-1,7592,7796,exon_mane,ENST00000317025
EXON_MANE,NSD3,ENSG00000147548,8,38269704,38382279,-1,,exon,Exon,8,38278306,38278412,-1,9602,9708,exon_mane,ENST00000317025
EXON_MANE,NSD3,ENSG00000147548,8,38269704,38382279,-1,,exon,Exon,8,38279540,38279681,-1,10836,10977,exon_mane,ENST00000317025
EXON_MANE,NSD3,ENSG00000147548,8,38269704,38382279,-1,,exon,Exon,8,38281467,38281583,-1,12763,12879,exon_mane,ENST00000317025
EXON_MANE,NSD3,ENSG00000147548,8,38269704,38382279,-1,,exon,Exon,8,38288487,38288756,-1,19783,20052,exon_mane,ENST00000317025
EXON_MANE,NSD3,ENSG00000147548,8,38269704,38382279,-1,,exon,Exon,8,38289393,38289505,-1,20689,20801,exon_mane,ENST00000317025
EXON_MANE,NSD3,ENSG00000147548,8,38269704,38382279,-1,,exon,Exon,8,38290475,38290677,-1,21771,21973,exon_mane,ENST00000317025
EXON_MANE,NSD3,ENSG00000147548,8,38269704,38382279,-1,,exon,Exon,8,38295796,38295952,-1,27092,27248,exon_mane,ENST00000317025
EXON_MANE,NSD3,ENSG00000147548,8,38269704,38382279,-1,,exon,Exon,8,38299444,38299590,-1,30740,30886,exon_mane,ENST00000317025
EXON_MANE,NSD3,ENSG00000147548,8,38269704,38382279,-1,,exon,Exon,8,38304587,38304757,-1,35883,36053,exon_mane,ENST00000317025
EXON_MANE,NSD3,ENSG00000147548,8,38269704,38382279,-1,,exon,Exon,8,38305248,38305445,-1,36544,36741,exon_mane,ENST00000317025
EXON_MANE,NSD3,ENSG00000147548,8,38269704,38382279,-1,,exon,Exon,8,38314647,38314773,-1,45943,46069,exon_mane,ENST00000317025
EXON_MANE,NSD3,ENSG00000147548,8,38269704,38382279,-1,,exon,Exon,8,38315416,38315544,-1,46712,46840,exon_mane,ENST00000317025
EXON_MANE,NSD3,ENSG00000147548,8,38269704,38382279,-1,,exon,Exon,8,38315912,38316042,-1,47208,47338,exon_mane,ENST00000317025
EXON_MANE,NSD3,ENSG00000147548,8,38269704,38382279,-1,,exon,Exon,8,38318895,38318940,-1,50191,50236,exon_mane,ENST00000317025
EXON_MANE,NSD3,ENSG00000147548,8,38269704,38382279,-1,,exon,Exon,8,38321072,38321172,-1,52368,52468,exon_mane,ENST00000317025
EXON_MANE,NSD3,ENSG00000147548,8,38269704,38382279,-1,,exon,Exon,8,38326730,38326856,-1,58026,58152,exon_mane,ENST00000317025
EXON_MANE,NSD3,ENSG00000147548,8,38269704,38382279,-1,,exon,Exon,8,38329378,38329893,-1,60674,61189,exon_mane,ENST00000317025
EXON_MANE,NSD3,ENSG00000147548,8,38269704,38382279,-1,,exon,Exon,8,38331431,38331585,-1,62727,62881,exon_mane,ENST00000317025
EXON_MANE,NSD3,ENSG00000147548,8,38269704,38382279,-1,,exon,Exon,8,38337305,38337467,-1,68601,68763,exon_mane,ENST00000317025
EXON_MANE,NSD3,ENSG00000147548,8,38269704,38382279,-1,,exon,Exon,8,38338536,38338607,-1,69832,69903,exon_mane,ENST00000317025
EXON_MANE,NSD3,ENSG00000147548,8,38269704,38382279,-1,,exon,Exon,8,38347497,38348215,-1,78793,79511,exon_mane,ENST00000317025
EXON_MANE,NSD3,ENSG00000147548,8,38269704,38382279,-1,,exon,Exon,8,38381799,38382271,-1,113095,113567,exon_mane,ENST00000317025
INTRON_MANE,NSD3,ENSG00000147548,8,38269704,38382279,-1,,intron,Intron,8,38275883,38276295,-1,7179,7591,intron_mane,ENST00000317025
INTRON_MANE,NSD3,ENSG00000147548,8,38269704,38382279,-1,,intron,Intron,8,38276501,38278305,-1,7797,9601,intron_mane,ENST00000317025
INTRON_MANE,NSD3,ENSG00000147548,8,38269704,38382279,-1,,intron,Intron,8,38278413,38279539,-1,9709,10835,intron_mane,ENST00000317025
INTRON_MANE,NSD3,ENSG00000147548,8,38269704,38382279,-1,,intron,Intron,8,38279682,38281466,-1,10978,12762,intron_mane,ENST00000317025
INTRON_MANE,NSD3,ENSG00000147548,8,38269704,38382279,-1,,intron,Intron,8,38281584,38288486,-1,12880,19782,intron_mane,ENST00000317025
INTRON_MANE,NSD3,ENSG00000147548,8,38269704,38382279,-1,,intron,Intron,8,38288757,38289392,-1,20053,20688,intron_mane,ENST00000317025
INTRON_MANE,NSD3,ENSG00000147548,8,38269704,38382279,-1,,intron,Intron,8,38289506,38290474,-1,20802,21770,intron_mane,ENST00000317025
INTRON_MANE,NSD3,ENSG00000147548,8,38269704,38382279,-1,,intron,Intron,8,38290678,38295795,-1,21974,27091,intron_mane,ENST00000317025
INTRON_MANE,NSD3,ENSG00000147548,8,38269704,38382279,-1,,intron,Intron,8,38295953,38299443,-1,27249,30739,intron_mane,ENST00000317025
INTRON_MANE,NSD3,ENSG00000147548,8,38269704,38382279,-1,,intron,Intron,8,38299591,38304586,-1,30887,35882,intron_mane,ENST00000317025
INTRON_MANE,NSD3,ENSG00000147548,8,38269704,38382279,-1,,intron,Intron,8,38304758,38305247,-1,36054,36543,intron_mane,ENST00000317025
INTRON_MANE,NSD3,ENSG00000147548,8,38269704,38382279,-1,,intron,Intron,8,38305446,38314646,-1,36742,45942,intron_mane,ENST00000317025
INTRON_MANE,NSD3,ENSG00000147548,8,38269704,38382279,-1,,intron,Intron,8,38314774,38315415,-1,46070,46711,intron_mane,ENST00000317025
INTRON_MANE,NSD3,ENSG00000147548,8,38269704,38382279,-1,,intron,Intron,8,38315545,38315911,-1,46841,47207,intron_mane,ENST00000317025
INTRON_MANE,NSD3,ENSG00000147548,8,38269704,38382279,-1,,intron,Intron,8,38316043,38318894,-1,47339,50190,intron_mane,ENST00000317025
INTRON_MANE,NSD3,ENSG00000147548,8,38269704,38382279,-1,,intron,Intron,8,38318941,38321071,-1,50237,52367,intron_mane,ENST00000317025
INTRON_MANE,NSD3,ENSG00000147548,8,38269704,38382279,-1,,intron,Intron,8,38321173,38326729,-1,52469,58025,intron_mane,ENST00000317025
INTRON_MANE,NSD3,ENSG00000147548,8,38269704,38382279,-1,,intron,Intron,8,38326857,38329377,-1,58153,60673,intron_mane,ENST00000317025
INTRON_MANE,NSD3,ENSG00000147548,8,38269704,38382279,-1,,intron,Intron,8,38329894,38331430,-1,61190,62726,intron_mane,ENST00000317025
INTRON_MANE,NSD3,ENSG00000147548,8,38269704,38382279,-1,,intron,Intron,8,38331586,38337304,-1,62882,68600,intron_mane,ENST00000317025
INTRON_MANE,NSD3,ENSG00000147548,8,38269704,38382279,-1,,intron,Intron,8,38337468,38338535,-1,68764,69831,intron_mane,ENST00000317025
INTRON_MANE,NSD3,ENSG00000147548,8,38269704,38382279,-1,,intron,Intron,8,38338608,38347496,-1,69904,78792,intron_mane,ENST00000317025
INTRON_MANE,NSD3,ENSG00000147548,8,38269704,38382279,-1,,intron,Intron,8,38348216,38381798,-1,79512,113094,intron_mane,ENST00000317025
EXON_UNION,NSD3,ENSG00000147548,8,38269704,38382279,-1,,exon,Exon,8,38269704,38275882,-1,1000,7178,exon_union,
EXON_UNION,NSD3,ENSG00000147548,8,38269704,38382279,-1,,exon,Exon,8,38276296,38276500,-1,7592,7796,exon_union,
EXON_UNION,NSD3,ENSG00000147548,8,38269704,38382279,-1,,exon,Exon,8,38278306,38278412,-1,9602,9708,exon_union,
EXON_UNION,NSD3,ENSG00000147548,8,38269704,38382279,-1,,exon,Exon,8,38279540,38280210,-1,10836,11506,exon_union,
EXON_UNION,NSD3,ENSG00000147548,8,38269704,38382279,-1,,exon,Exon,8,38281467,38281583,-1,12763,12879,exon_union,
EXON_UNION,NSD3,ENSG00000147548,8,38269704,38382279,-1,,exon,Exon,8,38288487,38288756,-1,19783,20052,exon_union,
EXON_UNION,NSD3,ENSG00000147548,8,38269704,38382279,-1,,exon,Exon,8,38289393,38289505,-1,20689,20801,exon_union,
EXON_UNION,NSD3,ENSG00000147548,8,38269704,38382279,-1,,exon,Exon,8,38290475,38290748,-1,21771,22044,exon_union,
EXON_UNION,NSD3,ENSG00000147548,8,38269704,38382279,-1,,exon,Exon,8,38295796,38295979,-1,27092,27275,exon_union,
EXON_UNION,NSD3,ENSG00000147548,8,38269704,38382279,-1,,exon,Exon,8,38299444,38299794,-1,30740,31090,exon_union,
EXON_UNION,NSD3,ENSG00000147548,8,38269704,38382279,-1,,exon,Exon,8,38304587,38304757,-1,35883,36053,exon_union,
EXON_UNION,NSD3,ENSG00000147548,8,38269704,38382279,-1,,exon,Exon,8,38305248,38305445,-1,36544,36741,exon_union,
EXON_UNION,NSD3,ENSG00000147548,8,38269704,38382279,-1,,exon,Exon,8,38314647,38314773,-1,45943,46069,exon_union,
EXON_UNION,NSD3,ENSG00000147548,8,38269704,38382279,-1,,exon,Exon,8,38315416,38315544,-1,46712,46840,exon_union,
EXON_UNION,NSD3,ENSG00000147548,8,38269704,38382279,-1,,exon,Exon,8,38315912,38316042,-1,47208,47338,exon_union,
EXON_UNION,NSD3,ENSG00000147548,8,38269704,38382279,-1,,exon,Exon,8,38316417,38318038,-1,47713,49334,exon_union,
EXON_UNION,NSD3,ENSG00000147548,8,38269704,38382279,-1,,exon,Exon,8,38318895,38319291,-1,50191,50587,exon_union,
EXON_UNION,NSD3,ENSG00000147548,8,38269704,38382279,-1,,exon,Exon,8,38319755,38321172,-1,51051,52468,exon_union,
EXON_UNION,NSD3,ENSG00000147548,8,38269704,38382279,-1,,exon,Exon,8,38326730,38326856,-1,58026,58152,exon_union,
EXON_UNION,NSD3,ENSG00000147548,8,38269704,38382279,-1,,exon,Exon,8,38329378,38329893,-1,60674,61189,exon_union,
EXON_UNION,NSD3,ENSG00000147548,8,38269704,38382279,-1,,exon,Exon,8,38331431,38331585,-1,62727,62881,exon_union,
EXON_UNION,NSD3,ENSG00000147548,8,38269704,38382279,-1,,exon,Exon,8,38337305,38337467,-1,68601,68763,exon_union,
EXON_UNION,NSD3,ENSG00000147548,8,38269704,38382279,-1,,exon,Exon,8,38338536,38338607,-1,69832,69903,exon_union,
EXON_UNION,NSD3,ENSG00000147548,8,38269704,38382279,-1,,exon,Exon,8,38347497,38348215,-1,78793,79511,exon_union,
EXON_UNION,NSD3,ENSG00000147548,8,38269704,38382279,-1,,exon,Exon,8,38363873,38363900,-1,95169,95196,exon_union,
EXON_UNION,NSD3,ENSG00000147548,8,38269704,38382279,-1,,exon,Exon,8,38380610,38380821,-1,111906,112117,exon_union,
EXON_UNION,NSD3,ENSG00000147548,8,38269704,38382279,-1,,exon,Exon,8,38381590,38381731,-1,112886,113027,exon_union,
EXON_UNION,NSD3,ENSG00000147548,8,38269704,38382279,-1,,exon,Exon,8,38381799,38382279,-1,113095,113575,exon_union,
INTRON_UNION,NSD3,ENSG00000147548,8,38269704,38382279,-1,,intron,Intron,8,38275883,38276295,-1,7179,7591,intron_union,
INTRON_UNION,NSD3,ENSG00000147548,8,38269704,38382279,-1,,intron,Intron,8,38276501,38278305,-1,7797,9601,intron_union,
INTRON_UNION,NSD3,ENSG00000147548,8,38269704,38382279,-1,,intron,Intron,8,38278413,38279539,-1,9709,10835,intron_union,
INTRON_UNION,NSD3,ENSG00000147548,8,38269704,38382279,-1,,intron,Intron,8,38279682,38281499,-1,10978,12795,intron_union,
INTRON_UNION,NSD3,ENSG00000147548,8,38269704,38382279,-1,,intron,Intron,8,38281584,38288486,-1,12880,19782,intron_union,
INTRON_UNION,NSD3,ENSG00000147548,8,38269704,38382279,-1,,intron,Intron,8,38288757,38289392,-1,20053,20688,intron_union,
INTRON_UNION,NSD3,ENSG00000147548,8,38269704,38382279,-1,,intron,Intron,8,38289506,38290474,-1,20802,21770,intron_union,
INTRON_UNION,NSD3,ENSG00000147548,8,38269704,38382279,-1,,intron,Intron,8,38290678,38295795,-1,21974,27091,intron_union,
INTRON_UNION,NSD3,ENSG00000147548,8,38269704,38382279,-1,,intron,Intron,8,38295953,38305247,-1,27249,36543,intron_union,
INTRON_UNION,NSD3,ENSG00000147548,8,38269704,38382279,-1,,intron,Intron,8,38305446,38314646,-1,36742,45942,intron_union,
INTRON_UNION,NSD3,ENSG00000147548,8,38269704,38382279,-1,,intron,Intron,8,38314774,38315415,-1,46070,46711,intron_union,
INTRON_UNION,NSD3,ENSG00000147548,8,38269704,38382279,-1,,intron,Intron,8,38315545,38315911,-1,46841,47207,intron_union,
INTRON_UNION,NSD3,ENSG00000147548,8,38269704,38382279,-1,,intron,Intron,8,38316043,38318894,-1,47339,50190,intron_union,
INTRON_UNION,NSD3,ENSG00000147548,8,38269704,38382279,-1,,intron,Intron,8,38318941,38321071,-1,50237,52367,intron_union,
INTRON_UNION,NSD3,ENSG00000147548,8,38269704,38382279,-1,,intron,Intron,8,38321173,38326729,-1,52469,58025,intron_union,
INTRON_UNION,NSD3,ENSG00000147548,8,38269704,38382279,-1,,intron,Intron,8,38326857,38329377,-1,58153,60673,intron_union,
INTRON_UNION,NSD3,ENSG00000147548,8,38269704,38382279,-1,,intron,Intron,8,38329894,38337383,-1,61190,68679,intron_union,
INTRON_UNION,NSD3,ENSG00000147548,8,38269704,38382279,-1,,intron,Intron,8,38337468,38338535,-1,68764,69831,intron_union,
INTRON_UNION,NSD3,ENSG00000147548,8,38269704,38382279,-1,,intron,Intron,8,38338608,38347496,-1,69904,78792,intron_union,
INTRON_UNION,NSD3,ENSG00000147548,8,38269704,38382279,-1,,intron,Intron,8,38348216,38381798,-1,79512,113094,intron_union,
EXON_MANE,SETD2,ENSG00000181555,3,47016428,47164113,-1,,exon,Exon,3,47016436,47017254,-1,1008,1826,exon_mane,ENST00000409792
EXON_MANE,SETD2,ENSG00000181555,3,47016428,47164113,-1,,exon,Exon,3,47017638,47017739,-1,2210,2311,exon_mane,ENST00000409792
EXON_MANE,SETD2,ENSG00000181555,3,47016428,47164113,-1,,exon,Exon,3,47019760,47019840,-1,4332,4412,exon_mane,ENST00000409792
EXON_MANE,SETD2,ENSG00000181555,3,47016428,47164113,-1,,exon,Exon,3,47037666,47037777,-1,22238,22349,exon_mane,ENST00000409792
EXON_MANE,SETD2,ENSG00000181555,3,47016428,47164113,-1,,exon,Exon,3,47042561,47042700,-1,27133,27272,exon_mane,ENST00000409792
EXON_MANE,SETD2,ENSG00000181555,3,47016428,47164113,-1,,exon,Exon,3,47046487,47046621,-1,31059,31193,exon_mane,ENST00000409792
EXON_MANE,SETD2,ENSG00000181555,3,47016428,47164113,-1,,exon,Exon,3,47056821,47057490,-1,41393,42062,exon_mane,ENST00000409792
EXON_MANE,SETD2,ENSG00000181555,3,47016428,47164113,-1,,exon,Exon,3,47062163,47062346,-1,46735,46918,exon_mane,ENST00000409792
EXON_MANE,SETD2,ENSG00000181555,3,47016428,47164113,-1,,exon,Exon,3,47067070,47067118,-1,51642,51690,exon_mane,ENST00000409792
EXON_MANE,SETD2,ENSG00000181555,3,47016428,47164113,-1,,exon,Exon,3,47083720,47084382,-1,68292,68954,exon_mane,ENST00000409792
EXON_MANE,SETD2,ENSG00000181555,3,47016428,47164113,-1,,exon,Exon,3,47086195,47086314,-1,70767,70886,exon_mane,ENST00000409792
EXON_MANE,SETD2,ENSG00000181555,3,47016428,47164113,-1,,exon,Exon,3,47088113,47088247,-1,72685,72819,exon_mane,ENST00000409792
EXON_MANE,SETD2,ENSG00000181555,3,47016428,47164113,-1,,exon,Exon,3,47097955,47098081,-1,82527,82653,exon_mane,ENST00000409792
EXON_MANE,SETD2,ENSG00000181555,3,47016428,47164113,-1,,exon,Exon,3,47101458,47101555,-1,86030,86127,exon_mane,ENST00000409792
EXON_MANE,SETD2,ENSG00000181555,3,47016428,47164113,-1,,exon,Exon,3,47103346,47103423,-1,87918,87995,exon_mane,ENST00000409792
EXON_MANE,SETD2,ENSG00000181555,3,47016428,47164113,-1,,exon,Exon,3,47105997,47106120,-1,90569,90692,exon_mane,ENST00000409792
EXON_MANE,SETD2,ENSG00000181555,3,47016428,47164113,-1,,exon,Exon,3,47113876,47114004,-1,98448,98576,exon_mane,ENST00000409792
EXON_MANE,SETD2,ENSG00000181555,3,47016428,47164113,-1,,exon,Exon,3,47116623,47116754,-1,101195,101326,exon_mane,ENST00000409792
EXON_MANE,SETD2,ENSG00000181555,3,47016428,47164113,-1,,exon,Exon,3,47120182,47124548,-1,104754,109120,exon_mane,ENST00000409792
EXON_MANE,SETD2,ENSG00000181555,3,47016428,47164113,-1,,exon,Exon,3,47126648,47126663,-1,111220,111235,exon_mane,ENST00000409792
EXON_MANE,SETD2,ENSG00000181555,3,47016428,47164113,-1,,exon,Exon,3,47163854,47164113,-1,148426,148685,exon_mane,ENST00000409792
INTRON_MANE,SETD2,ENSG00000181555,3,47016428,47164113,-1,,intron,Intron,3,47017255,47017637,-1,1827,2209,intron_mane,ENST00000409792
INTRON_MANE,SETD2,ENSG00000181555,3,47016428,47164113,-1,,intron,Intron,3,47017740,47019759,-1,2312,4331,intron_mane,ENST00000409792
INTRON_MANE,SETD2,ENSG00000181555,3,47016428,47164113,-1,,intron,Intron,3,47019841,47037665,-1,4413,22237,intron_mane,ENST00000409792
INTRON_MANE,SETD2,ENSG00000181555,3,47016428,47164113,-1,,intron,Intron,3,47037778,47042560,-1,22350,27132,intron_mane,ENST00000409792
INTRON_MANE,SETD2,ENSG00000181555,3,47016428,47164113,-1,,intron,Intron,3,47042701,47046486,-1,27273,31058,intron_mane,ENST00000409792
INTRON_MANE,SETD2,ENSG00000181555,3,47016428,47164113,-1,,intron,Intron,3,47046622,47056820,-1,31194,41392,intron_mane,ENST00000409792
INTRON_MANE,SETD2,ENSG00000181555,3,47016428,47164113,-1,,intron,Intron,3,47057491,47062162,-1,42063,46734,intron_mane,ENST00000409792
INTRON_MANE,SETD2,ENSG00000181555,3,47016428,47164113,-1,,intron,Intron,3,47062347,47067069,-1,46919,51641,intron_mane,ENST00000409792
INTRON_MANE,SETD2,ENSG00000181555,3,47016428,47164113,-1,,intron,Intron,3,47067119,47083719,-1,51691,68291,intron_mane,ENST00000409792
INTRON_MANE,SETD2,ENSG00000181555,3,47016428,47164113,-1,,intron,Intron,3,47084383,47086194,-1,68955,70766,intron_mane,ENST00000409792
INTRON_MANE,SETD2,ENSG00000181555,3,47016428,47164113,-1,,intron,Intron,3,47086315,47088112,-1,70887,72684,intron_mane,ENST00000409792
INTRON_MANE,SETD2,ENSG00000181555,3,47016428,47164113,-1,,intron,Intron,3,47088248,47097954,-1,72820,82526,intron_mane,ENST00000409792
INTRON_MANE,SETD2,ENSG00000181555,3,47016428,47164113,-1,,intron,Intron,3,47098082,47101457,-1,82654,86029,intron_mane,ENST00000409792
INTRON_MANE,SETD2,ENSG00000181555,3,47016428,47164113,-1,,intron,Intron,3,47101556,47103345,-1,86128,87917,intron_mane,ENST00000409792
INTRON_MANE,SETD2,ENSG00000181555,3,47016428,47164113,-1,,intron,Intron,3,47103424,47105996,-1,87996,90568,intron_mane,ENST00000409792
INTRON_MANE,SETD2,ENSG00000181555,3,47016428,47164113,-1,,intron,Intron,3,47106121,47113875,-1,90693,98447,intron_mane,ENST00000409792
INTRON_MANE,SETD2,ENSG00000181555,3,47016428,47164113,-1,,intron,Intron,3,47114005,47116622,-1,98577,101194,intron_mane,ENST00000409792
INTRON_MANE,SETD2,ENSG00000181555,3,47016428,47164113,-1,,intron,Intron,3,47116755,47120181,-1,101327,104753,intron_mane,ENST00000409792
INTRON_MANE,SETD2,ENSG00000181555,3,47016428,47164113,-1,,intron,Intron,3,47124549,47126647,-1,109121,111219,intron_mane,ENST00000409792
INTRON_MANE,SETD2,ENSG00000181555,3,47016428,47164113,-1,,intron,Intron,3,47126664,47163853,-1,111236,148425,intron_mane,ENST00000409792
EXON_UNION,SETD2,ENSG00000181555,3,47016428,47164113,-1,,exon,Exon,3,47016428,47017254,-1,1000,1826,exon_union,
EXON_UNION,SETD2,ENSG00000181555,3,47016428,47164113,-1,,exon,Exon,3,47017638,47017739,-1,2210,2311,exon_union,
EXON_UNION,SETD2,ENSG00000181555,3,47016428,47164113,-1,,exon,Exon,3,47019760,47019840,-1,4332,4412,exon_union,
EXON_UNION,SETD2,ENSG00000181555,3,47016428,47164113,-1,,exon,Exon,3,47028228,47028308,-1,12800,12880,exon_union,
EXON_UNION,SETD2,ENSG00000181555,3,47016428,47164113,-1,,exon,Exon,3,47037665,47037777,-1,22237,22349,exon_union,
EXON_UNION,SETD2,ENSG00000181555,3,47016428,47164113,-1,,exon,Exon,3,47041360,47041483,-1,25932,26055,exon_union,
EXON_UNION,SETD2,ENSG00000181555,3,47016428,47164113,-1,,exon,Exon,3,47042561,47042700,-1,27133,27272,exon_union,
EXON_UNION,SETD2,ENSG00000181555,3,47016428,47164113,-1,,exon,Exon,3,47046487,47047027,-1,31059,31599,exon_union,
EXON_UNION,SETD2,ENSG00000181555,3,47016428,47164113,-1,,exon,Exon,3,47056821,47057490,-1,41393,42062,exon_union,
EXON_UNION,SETD2,ENSG00000181555,3,47016428,47164113,-1,,exon,Exon,3,47061401,47061494,-1,45973,46066,exon_union,
EXON_UNION,SETD2,ENSG00000181555,3,47016428,47164113,-1,,exon,Exon,3,47062160,47062346,-1,46732,46918,exon_union,
EXON_UNION,SETD2,ENSG00000181555,3,47016428,47164113,-1,,exon,Exon,3,47064555,47064630,-1,49127,49202,exon_union,
EXON_UNION,SETD2,ENSG00000181555,3,47016428,47164113,-1,,exon,Exon,3,47067070,47067397,-1,51642,51969,exon_union,
EXON_UNION,SETD2,ENSG00000181555,3,47016428,47164113,-1,,exon,Exon,3,47073005,47073147,-1,57577,57719,exon_union,
EXON_UNION,SETD2,ENSG00000181555,3,47016428,47164113,-1,,exon,Exon,3,47079512,47081083,-1,64084,65655,exon_union,
EXON_UNION,SETD2,ENSG00000181555,3,47016428,47164113,-1,,exon,Exon,3,47083720,47084382,-1,68292,68954,exon_union,
EXON_UNION,SETD2,ENSG00000181555,3,47016428,47164113,-1,,exon,Exon,3,47086195,47086698,-1,70767,71270,exon_union,
EXON_UNION,SETD2,ENSG00000181555,3,47016428,47164113,-1,,exon,Exon,3,47088113,47088247,-1,72685,72819,exon_union,
EXON_UNION,SETD2,ENSG00000181555,3,47016428,47164113,-1,,exon,Exon,3,47097955,47099940,-1,82527,84512,exon_union,
EXON_UNION,SETD2,ENSG00000181555,3,47016428,47164113,-1,,exon,Exon,3,47101458,47101555,-1,86030,86127,exon_union,
EXON_UNION,SETD2,ENSG00000181555,3,47016428,47164113,-1,,exon,Exon,3,47103346,47103423,-1,87918,87995,exon_union,
EXON_UNION,SETD2,ENSG00000181555,3,47016428,47164113,-1,,exon,Exon,3,47105997,47106120,-1,90569,90692,exon_union,
EXON_UNION,SETD2,ENSG00000181555,3,47016428,47164113,-1,,exon,Exon,3,47113876,47114004,-1,98448,98576,exon_union,
EXON_UNION,SETD2,ENSG00000181555,3,47016428,47164113,-1,,exon,Exon,3,47116623,47117013,-1,101195,101585,exon_union,
EXON_UNION,SETD2,ENSG00000181555,3,47016428,47164113,-1,,exon,Exon,3,47119452,47119780,-1,104024,104352,exon_union,
EXON_UNION,SETD2,ENSG00000181555,3,47016428,47164113,-1,,exon,Exon,3,47120182,47124548,-1,104754,109120,exon_union,
EXON_UNION,SETD2,ENSG00000181555,3,47016428,47164113,-1,,exon,Exon,3,47126648,47126663,-1,111220,111235,exon_union,
EXON_UNION,SETD2,ENSG00000181555,3,47016428,47164113,-1,,exon,Exon,3,47163428,47163576,-1,148000,148148,exon_union,
EXON_UNION,SETD2,ENSG00000181555,3,47016428,47164113,-1,,exon,Exon,3,47163854,47164113,-1,148426,148685,exon_union,
INTRON_UNION,SETD2,ENSG00000181555,3,47016428,47164113,-1,,intron,Intron,3,47017255,47017637,-1,1827,2209,intron_union,
INTRON_UNION,SETD2,ENSG00000181555,3,47016428,47164113,-1,,intron,Intron,3,47017740,47019759,-1,2312,4331,intron_union,
INTRON_UNION,SETD2,ENSG00000181555,3,47016428,47164113,-1,,intron,Intron,3,47019841,47037665,-1,4413,22237,intron_union,
INTRON_UNION,SETD2,ENSG00000181555,3,47016428,47164113,-1,,intron,Intron,3,47037778,47042560,-1,22350,27132,intron_union,
INTRON_UNION,SETD2,ENSG00000181555,3,47016428,47164113,-1,,intron,Intron,3,47042701,47046486,-1,27273,31058,intron_union,
INTRON_UNION,SETD2,ENSG00000181555,3,47016428,47164113,-1,,intron,Intron,3,47046622,47056820,-1,31194,41392,intron_union,
INTRON_UNION,SETD2,ENSG00000181555,3,47016428,47164113,-1,,intron,Intron,3,47057491,47163853,-1,42063,148425,intron_union,